<?xml version="1.0" encoding="UTF-8" standalone="yes"?>
<manifest>
  <control namespace="PCF.Chatbot" constructor="PCFChatbot" version="0.0.1" display-name-key="PCFChatbot" description-key="PCFChatbot description" control-type="standard" api-version="1.2.3">
    <external-service-usage enabled="true"/>
    <property name="title" display-name-key="title" description-key="embed" of-type="SingleLine.Text" usage="bound" required="true"/>
    <property name="chatbotURL" display-name-key="chatbotURL" default-value="https://powerva.microsoft.com/webchat/bots/935debfc-9961-4c0e-bafb-d633f852ec42" description-key="embed" of-type="SingleLine.Text" usage="input" required="true"/>
    <resources>
      <code path="bundle.js" order="1"/>
    </resources>
    <built-by name="pac" version="1.4.4"/>
  </control>
</manifest>