<?xml version="1.0" encoding="UTF-8" standalone="yes"?>
<manifest>
  <control namespace="PCF.Chatbot" constructor="PCFChatbot" version="0.0.1" display-name-key="PCFChatbot" description-key="PCFChatbot description" control-type="standard" api-version="1.2.3">
    <external-service-usage enabled="true"/>
    <property name="Chatbot" display-name-key="Chatbot" description-key="embed" of-type="SingleLine.Text" usage="bound" required="true"/>
    <property name="chatbotURL" display-name-key="chatbotURL" default-value="https://powerva.microsoft.com/webchat/bots/935debfc-9961-4c0e-bafb-d633f852ec42" description-key="embed" of-type="SingleLine.Text" usage="input" required="true"/>
    <property name="panelwidthtype" display-name-key="Panel Width Type" description-key="Select Panel Width Type" usage="input" of-type="Enum" required="true">
      <value name="small" display-name-key="Small" description-key="Type of selection - Small">0</value>
      <value name="smallFixedFar" display-name-key="Small Fixed Far" description-key="Type of selection - smallFixedFar">1</value>
      <value name="smallFixedNear" display-name-key="Small Fixed Near" description-key="Type of selection - smallFixedNear">2</value>
      <value name="medium" display-name-key="Medium" description-key="Type of selection - medium" default="true">3</value>
      <value name="large" display-name-key="Large" description-key="Type of selection - large">4</value>
      <value name="largeFixed" display-name-key="Large Fixed" description-key="Type of selection - largeFixed">5</value>
      <value name="extraLarge" display-name-key="Extra Large" description-key="Type of selection -extraLarge">6</value>
      <value name="custom" display-name-key="Custom" description-key="Type of selection -Custom Near Side">7</value>
      <value name="customNear" display-name-key="Custom Near" description-key="Type of selection -Custom Near Side">8</value>
    </property>
    <property name="Widthinpx" display-name-key="width in px" description-key="Width in px" of-type="SingleLine.Text" usage="input" default-value="888"/>
    <resources>
      <code path="bundle.js" order="1"/>
    </resources>
    <built-by name="pac" version="1.4.4"/>
  </control>
</manifest>